{
  "model": "DistilBERT",
  "dataset": "AG News",
  "method": "ZeroQuant",
  "method_description": "ZeroQuant-style post-training INT8 weight quantization plus INT8 activation fake quantization for Linear layers.",
  "weight_bits": 8,
  "activation_bits": 8,
  "model_dir": "models_updated/distilbert_agnews_bs8_ep3_wd001_warmup500",
  "data_dir": "data/tokenized/distilbert_agnews_maxlen128",
  "device": "cuda",
  "batch_size": 8,
  "warmup_batches": 10,
  "eval_samples": 7600,
  "eval_loss": 0.17759974490045446,
  "accuracy": 0.9469736842105263,
  "precision_weighted": 0.9470450439357055,
  "recall_weighted": 0.9469736842105263,
  "f1_weighted": 0.947002604184747,
  "total_inference_time_sec": 22.16944624297321,
  "latency_ms_per_sample": 2.9170324003912116,
  "throughput_samples_per_sec": 342.81415587495263,
  "mean_batch_latency_ms": 23.084325933412305,
  "median_batch_latency_ms": 23.09851348400116,
  "min_batch_latency_ms": 22.656250977888703,
  "max_batch_latency_ms": 23.815287044271827,
  "estimated_model_storage_mb": 132.38772583007812,
  "peak_torch_memory_allocated_gb": 0.1898059844970703,
  "peak_torch_memory_reserved_gb": 0.248046875,
  "gpu_name": "NVIDIA GeForce RTX 3060",
  "nvml_available": true,
  "nvml_error": null,
  "energy_joules": 3680.4419870930446,
  "avg_power_watts": 166.06524830699774,
  "min_power_watts": 55.652,
  "max_power_watts": 170.565,
  "peak_nvml_memory_used_gb": 0.7772216796875,
  "num_power_samples": 443,
  "energy_joules_per_sample": 0.4842686825122427,
  "baseline_storage_mb_before_quantization": 255.42286682128906,
  "compressed_storage_mb_after_quantization": 132.38772583007812,
  "estimated_storage_compression_ratio": 1.9293545925029985,
  "num_replaced_linear_layers": 38
}