{
  "model": "DistilBERT",
  "dataset": "AG News",
  "method": "Baseline_Internal_Not_For_Final_Table",
  "experiment_tag": "bs8_ep3_wd001_warmup500",
  "training_batch_size": 8,
  "training_epochs": 3,
  "training_optimizer": "AdamW",
  "training_weight_decay": 0.01,
  "training_warmup_steps": 500,
  "training_learning_rate": 2e-05,
  "model_dir": "models_updated/distilbert_agnews_bs8_ep3_wd001_warmup500",
  "data_dir": "data/tokenized/distilbert_agnews_maxlen128",
  "device": "cuda",
  "batch_size": 8,
  "warmup_batches": 10,
  "eval_samples": 7600,
  "eval_loss": 0.1782568466205971,
  "accuracy": 0.9471052631578948,
  "precision_weighted": 0.9471574117142905,
  "recall_weighted": 0.9471052631578948,
  "f1_weighted": 0.9471228030736678,
  "total_inference_time_sec": 15.05568264995236,
  "latency_ms_per_sample": 1.9810108749937316,
  "throughput_samples_per_sec": 504.79278666411375,
  "mean_batch_latency_ms": 15.619968588611012,
  "median_batch_latency_ms": 15.622823033481836,
  "min_batch_latency_ms": 14.68433695845306,
  "max_batch_latency_ms": 16.961095039732754,
  "peak_torch_memory_allocated_gb": 0.29237890243530273,
  "peak_torch_memory_reserved_gb": 0.330078125,
  "gpu_name": "NVIDIA GeForce RTX 3060",
  "nvml_available": true,
  "nvml_error": null,
  "energy_joules": 2454.7204042351395,
  "avg_power_watts": 163.1479700996678,
  "min_power_watts": 35.344,
  "max_power_watts": 170.276,
  "peak_nvml_memory_used_gb": 0.8592529296875,
  "num_power_samples": 301,
  "energy_joules_per_sample": 0.32298952687304466
}