{
  "model": "DistilBERT",
  "dataset": "AG News",
  "method": "DuQuant",
  "method_description": "DuQuant-style outlier distribution using zigzag permutation and block-wise Hadamard rotation before INT8 activation quantization.",
  "weight_bits": 8,
  "activation_bits": 8,
  "block_size": 16,
  "device": "cuda",
  "batch_size": 8,
  "warmup_batches": 10,
  "eval_samples": 7600,
  "eval_loss": 0.17830168597173485,
  "accuracy": 0.9469736842105263,
  "precision_weighted": 0.9470285347635624,
  "recall_weighted": 0.9469736842105263,
  "f1_weighted": 0.9469928752196323,
  "total_inference_time_sec": 25.315454508992843,
  "latency_ms_per_sample": 3.3309808564464265,
  "throughput_samples_per_sec": 300.2118724473322,
  "mean_batch_latency_ms": 26.378653279113536,
  "median_batch_latency_ms": 26.372981956228614,
  "min_batch_latency_ms": 26.043017045594752,
  "max_batch_latency_ms": 28.121805982664227,
  "estimated_model_storage_mb": 132.38772583007812,
  "effective_packed_storage_mb": 132.38772583007812,
  "peak_torch_memory_allocated_gb": 0.19506263732910156,
  "peak_torch_memory_reserved_gb": 0.232421875,
  "gpu_name": "NVIDIA GeForce RTX 3060",
  "nvml_available": true,
  "nvml_error": null,
  "energy_joules": 4190.526469410753,
  "avg_power_watts": 165.81187326732675,
  "min_power_watts": 56.883,
  "max_power_watts": 169.901,
  "peak_nvml_memory_used_gb": 0.7615966796875,
  "num_power_samples": 505,
  "energy_joules_per_sample": 0.5513850617645727,
  "model_dir": "models_updated/distilbert_agnews_bs8_ep3_wd001_warmup500",
  "data_dir": "data/tokenized/distilbert_agnews_maxlen128",
  "baseline_storage_mb_before_quantization": 255.42286682128906,
  "actual_storage_mb_after_quantization": 132.38772583007812,
  "effective_packed_storage_mb_after_quantization": 132.38772583007812,
  "estimated_effective_storage_compression_ratio": 1.9293545925029985,
  "num_replaced_linear_layers": 38
}