{
  "eval_loss": 0.1782568466205971,
  "accuracy": 0.9471052631578948,
  "precision_weighted": 0.9471574117142905,
  "recall_weighted": 0.9471052631578948,
  "f1_weighted": 0.9471228030736678,
  "eval_samples": 7600,
  "eval_time_sec": 15.394349414971657,
  "throughput_samples_per_sec": 493.68763792048776,
  "latency_ms_per_sample": 2.025572291443639,
  "train_time_sec": 2105.259825060959,
  "global_steps": 45000,
  "model_name": "distilbert/distilbert-base-uncased",
  "dataset": "fancyzhx/ag_news",
  "train_samples": 120000,
  "batch_size": 8,
  "learning_rate": 2e-05,
  "weight_decay": 0.01,
  "warmup_steps": 500,
  "optimizer": "AdamW",
  "scheduler": "linear_schedule_with_warmup",
  "num_epochs": 3,
  "max_gpu_memory_allocated_gb": 1.284,
  "max_gpu_memory_reserved_gb": 1.3691
}