{
  "model": "GPT2",
  "dataset": "AG News",
  "method": "Baseline_Internal_Not_For_Final_Table",
  "model_dir": "models_updated/gpt2_agnews_bs8_ep3_wd001_warmup500",
  "data_dir": "data/tokenized/gpt2_agnews_maxlen128",
  "device": "cuda",
  "batch_size": 8,
  "warmup_batches": 10,
  "eval_samples": 7600,
  "eval_loss": 0.1683946076650969,
  "accuracy": 0.9488157894736842,
  "precision_weighted": 0.948790113528757,
  "recall_weighted": 0.9488157894736842,
  "f1_weighted": 0.9487927777592272,
  "total_inference_time_sec": 34.095673489850014,
  "latency_ms_per_sample": 4.486272827611844,
  "throughput_samples_per_sec": 222.9021814824234,
  "mean_batch_latency_ms": 35.64215704382054,
  "median_batch_latency_ms": 35.68858245853335,
  "min_batch_latency_ms": 34.82109704054892,
  "max_batch_latency_ms": 36.73680988140404,
  "peak_torch_memory_allocated_gb": 0.5352716445922852,
  "peak_torch_memory_reserved_gb": 0.5859375,
  "gpu_name": "NVIDIA GeForce RTX 3060",
  "nvml_available": true,
  "nvml_error": null,
  "energy_joules": 5711.412890052532,
  "avg_power_watts": 167.6190778267254,
  "min_power_watts": 74.39,
  "max_power_watts": 170.224,
  "peak_nvml_memory_used_gb": 1.1151123046875,
  "num_power_samples": 681,
  "energy_joules_per_sample": 0.7515016960595436
}