{
  "model": "GPT2",
  "dataset": "AG News",
  "method": "ZeroQuant",
  "method_description": "ZeroQuant-style INT8 weight quantization plus INT8 activation fake quantization for GPT2 Conv1D and Linear layers.",
  "weight_bits": 8,
  "activation_bits": 8,
  "device": "cuda",
  "batch_size": 8,
  "warmup_batches": 10,
  "eval_samples": 7600,
  "eval_loss": 0.16874794922501007,
  "accuracy": 0.9485526315789473,
  "precision_weighted": 0.9485050086577943,
  "recall_weighted": 0.9485526315789473,
  "f1_weighted": 0.9485206313647627,
  "total_inference_time_sec": 47.583588090958074,
  "latency_ms_per_sample": 6.2609984330207995,
  "throughput_samples_per_sec": 159.7189347190942,
  "mean_batch_latency_ms": 49.82239542210377,
  "median_batch_latency_ms": 49.80892746243626,
  "min_batch_latency_ms": 49.22131518833339,
  "max_batch_latency_ms": 50.67125800997019,
  "peak_torch_memory_allocated_gb": 0.29796266555786133,
  "peak_torch_memory_reserved_gb": 0.337890625,
  "gpu_name": "NVIDIA GeForce RTX 3060",
  "nvml_available": true,
  "nvml_error": null,
  "energy_joules": 8006.330716332859,
  "avg_power_watts": 168.37843157894736,
  "min_power_watts": 91.211,
  "max_power_watts": 169.879,
  "peak_nvml_memory_used_gb": 0.8670654296875,
  "num_power_samples": 950,
  "energy_joules_per_sample": 1.0534645679385342,
  "model_dir": "models_updated/gpt2_agnews_bs8_ep3_wd001_warmup500",
  "data_dir": "data/tokenized/gpt2_agnews_maxlen128",
  "baseline_storage_mb_before_quantization": 474.7119140625,
  "compressed_storage_mb_after_quantization": 232.01954650878906,
  "estimated_storage_compression_ratio": 2.04599966341421,
  "num_replaced_layers": 49,
  "num_replaced_gpt2_conv1d_layers": 48,
  "num_replaced_linear_layers": 1
}