{
  "eval_loss": 0.1683946076650969,
  "accuracy": 0.9488157894736842,
  "precision_weighted": 0.948790113528757,
  "recall_weighted": 0.9488157894736842,
  "f1_weighted": 0.9487927777592272,
  "eval_samples": 7600,
  "eval_time_sec": 34.788815589854494,
  "throughput_samples_per_sec": 218.46101602310364,
  "latency_ms_per_sample": 4.5774757355071705,
  "train_time_sec": 4413.42281856481,
  "global_steps": 45000,
  "model_name": "openai-community/gpt2",
  "dataset": "fancyzhx/ag_news",
  "train_samples": 120000,
  "batch_size": 8,
  "learning_rate": 2e-05,
  "weight_decay": 0.01,
  "warmup_steps": 500,
  "optimizer": "AdamW",
  "scheduler": "linear_schedule_with_warmup",
  "num_epochs": 3,
  "max_gpu_memory_allocated_gb": 2.4222,
  "max_gpu_memory_reserved_gb": 2.7715
}