{
  "model": "BERT-Base",
  "dataset": "SST2",
  "method": "SensiQuant without Knowledge Distillation",
  "weight_bits_sensitive_layers": 8,
  "weight_bits_less_sensitive_layers": 4,
  "activation_bits": 8,
  "eval_samples": 872,
  "eval_loss": 0.21226515491074377,
  "accuracy": 0.9208715596330275,
  "precision_weighted": 0.9212890702021105,
  "recall_weighted": 0.9208715596330275,
  "f1_weighted": 0.9208756181688477,
  "total_inference_time_sec": 8.830138524004724,
  "latency_ms_per_sample": 10.126305646794409,
  "throughput_samples_per_sec": 98.75269766487453,
  "mean_batch_latency_ms": 308.38266810418907,
  "median_batch_latency_ms": 315.0598539796192,
  "peak_torch_memory_allocated_gb": 0.36495161056518555,
  "peak_torch_memory_reserved_gb": 0.412109375,
  "gpu_name": "NVIDIA GeForce RTX 3060",
  "energy_joules": 1490.1009969259892,
  "avg_power_watts": 169.62976136363636,
  "peak_nvml_memory_used_gb": 4.771484375,
  "num_power_samples": 176,
  "baseline_storage_mb_before_quantization": 417.65528106689453,
  "actual_storage_mb_after_quantization": 173.28273010253906,
  "effective_packed_storage_mb_after_quantization": 161.18898010253906,
  "compression_ratio": 2.591090785494185,
  "num_replaced_linear_layers": 74,
  "bit_assignment_counts": {
    "8": 49,
    "4": 25
  }
}