{
  "model": "DistilBERT",
  "dataset": "AG News",
  "method": "DuQuant",
  "method_description": "DuQuant-style outlier distribution using zigzag permutation and block-wise Hadamard rotation before INT8 activation quantization.",
  "weight_bits": 8,
  "activation_bits": 8,
  "block_size": 16,
  "device": "cuda",
  "batch_size": 32,
  "warmup_batches": 10,
  "eval_samples": 7600,
  "eval_loss": 1.4057941562251042,
  "accuracy": 0.24986842105263157,
  "precision_weighted": 0.062483548302184784,
  "recall_weighted": 0.24986842105263157,
  "f1_weighted": 0.09996841440303222,
  "total_inference_time_sec": 21.114020565059036,
  "latency_ms_per_sample": 2.7781606006656627,
  "throughput_samples_per_sec": 359.95039299038166,
  "mean_batch_latency_ms": 88.20503531317344,
  "median_batch_latency_ms": 88.42610154533759,
  "min_batch_latency_ms": 47.92257596272975,
  "max_batch_latency_ms": 90.38961899932474,
  "estimated_model_storage_mb": 132.38772583007812,
  "effective_packed_storage_mb": 132.38772583007812,
  "peak_torch_memory_allocated_gb": 0.3624897003173828,
  "peak_torch_memory_reserved_gb": 0.427734375,
  "gpu_name": "NVIDIA GeForce RTX 3060",
  "nvml_available": true,
  "nvml_error": null,
  "energy_joules": 3549.925702574185,
  "avg_power_watts": 168.21634597156398,
  "min_power_watts": 144.792,
  "max_power_watts": 170.023,
  "peak_nvml_memory_used_gb": 0.9569091796875,
  "num_power_samples": 422,
  "energy_joules_per_sample": 0.4670954871808138,
  "model_dir": "models/distilbert_agnews_full",
  "data_dir": "data/tokenized/distilbert_agnews_maxlen128",
  "baseline_storage_mb_before_quantization": 255.42286682128906,
  "actual_storage_mb_after_quantization": 132.38772583007812,
  "effective_packed_storage_mb_after_quantization": 132.38772583007812,
  "estimated_effective_storage_compression_ratio": 1.9293545925029985,
  "num_replaced_linear_layers": 38
}