{
  "eval_loss": 0.17736713445500324,
  "accuracy": 0.9381578947368421,
  "precision_weighted": 0.9394983778514047,
  "recall_weighted": 0.9381578947368421,
  "f1_weighted": 0.9382275994564369,
  "eval_samples": 7600,
  "eval_time_sec": 13.809811717015691,
  "throughput_samples_per_sec": 550.3333539758328,
  "latency_ms_per_sample": 1.817080489081012,
  "train_time_sec": 343.5143910020124,
  "global_steps": 3750,
  "model_name": "distilbert/distilbert-base-uncased",
  "dataset": "fancyzhx/ag_news",
  "train_samples": 120000,
  "batch_size": 32,
  "learning_rate": 2e-05,
  "num_epochs": 1,
  "max_gpu_memory_allocated_gb": 1.6745,
  "max_gpu_memory_reserved_gb": 1.8262
}