{
  "model": "DistilBERT",
  "dataset": "AG News",
  "method": "Baseline_Internal_Not_For_Final_Table",
  "model_dir": "models/distilbert_agnews_full",
  "data_dir": "data/tokenized/distilbert_agnews_maxlen128",
  "device": "cuda",
  "batch_size": 32,
  "warmup_batches": 10,
  "eval_samples": 7600,
  "eval_loss": 0.17736713445500324,
  "accuracy": 0.9381578947368421,
  "precision_weighted": 0.9394983778514047,
  "recall_weighted": 0.9381578947368421,
  "f1_weighted": 0.9382275994564369,
  "total_inference_time_sec": 13.490422462928109,
  "latency_ms_per_sample": 1.7750555872273828,
  "throughput_samples_per_sec": 563.3626390044432,
  "mean_batch_latency_ms": 56.097291256379364,
  "median_batch_latency_ms": 56.27285601804033,
  "min_batch_latency_ms": 29.179126024246216,
  "max_batch_latency_ms": 58.95456892903894,
  "peak_torch_memory_allocated_gb": 0.38886022567749023,
  "peak_torch_memory_reserved_gb": 0.451171875,
  "gpu_name": "NVIDIA GeForce RTX 3060",
  "nvml_available": true,
  "nvml_error": null,
  "energy_joules": 2233.1757831256537,
  "avg_power_watts": 166.0537063197026,
  "min_power_watts": 105.595,
  "max_power_watts": 170.238,
  "peak_nvml_memory_used_gb": 0.9803466796875,
  "num_power_samples": 269,
  "energy_joules_per_sample": 0.2938389188323228
}