{
  "model": "DistilBERT",
  "dataset": "AG News",
  "method": "ZeroQuant",
  "method_description": "ZeroQuant-style post-training INT8 weight quantization plus INT8 activation fake quantization for Linear layers.",
  "weight_bits": 8,
  "activation_bits": 8,
  "model_dir": "models/distilbert_agnews_full",
  "data_dir": "data/tokenized/distilbert_agnews_maxlen128",
  "device": "cuda",
  "batch_size": 32,
  "warmup_batches": 10,
  "eval_samples": 7600,
  "eval_loss": 0.1777358701981996,
  "accuracy": 0.9384210526315789,
  "precision_weighted": 0.939822023365913,
  "recall_weighted": 0.9384210526315789,
  "f1_weighted": 0.9384913679694319,
  "total_inference_time_sec": 18.92546667100396,
  "latency_ms_per_sample": 2.4901929830268372,
  "throughput_samples_per_sec": 401.5753023223514,
  "mean_batch_latency_ms": 78.99524310276992,
  "median_batch_latency_ms": 79.17674799682572,
  "min_batch_latency_ms": 41.838061064481735,
  "max_batch_latency_ms": 80.05008299369365,
  "estimated_model_storage_mb": 132.38772583007812,
  "peak_torch_memory_allocated_gb": 0.3156147003173828,
  "peak_torch_memory_reserved_gb": 0.388671875,
  "gpu_name": "NVIDIA GeForce RTX 3060",
  "nvml_available": true,
  "nvml_error": null,
  "energy_joules": 3177.7765912991554,
  "avg_power_watts": 168.14409523809525,
  "min_power_watts": 134.028,
  "max_power_watts": 169.856,
  "peak_nvml_memory_used_gb": 0.9178466796875,
  "num_power_samples": 378,
  "energy_joules_per_sample": 0.418128498855152,
  "baseline_storage_mb_before_quantization": 255.42286682128906,
  "compressed_storage_mb_after_quantization": 132.38772583007812,
  "estimated_storage_compression_ratio": 1.9293545925029985,
  "num_replaced_linear_layers": 38
}