{
  "model": "DistilBERT",
  "dataset": "AG News",
  "method": "DuQuant",
  "method_description": "DuQuant-style outlier distribution using zigzag permutation and block-wise Hadamard rotation before INT8 activation quantization.",
  "weight_bits": 8,
  "activation_bits": 8,
  "block_size": 16,
  "device": "cuda",
  "batch_size": 32,
  "warmup_batches": 10,
  "eval_samples": 7600,
  "eval_loss": 0.17731361237403592,
  "accuracy": 0.9380263157894737,
  "precision_weighted": 0.9393829555810268,
  "recall_weighted": 0.9380263157894737,
  "f1_weighted": 0.9380958538771643,
  "total_inference_time_sec": 21.17560685193166,
  "latency_ms_per_sample": 2.7862640594646924,
  "throughput_samples_per_sec": 358.9035276836338,
  "mean_batch_latency_ms": 88.40634006744705,
  "median_batch_latency_ms": 88.6315549723804,
  "min_batch_latency_ms": 48.282817006111145,
  "max_batch_latency_ms": 89.54968000762165,
  "estimated_model_storage_mb": 132.38772583007812,
  "effective_packed_storage_mb": 132.38772583007812,
  "peak_torch_memory_allocated_gb": 0.3624897003173828,
  "peak_torch_memory_reserved_gb": 0.427734375,
  "gpu_name": "NVIDIA GeForce RTX 3060",
  "nvml_available": true,
  "nvml_error": null,
  "energy_joules": 3555.342052667171,
  "avg_power_watts": 168.0193498817967,
  "min_power_watts": 145.713,
  "max_power_watts": 169.83,
  "peak_nvml_memory_used_gb": 0.9569091796875,
  "num_power_samples": 423,
  "energy_joules_per_sample": 0.4678081648246278,
  "model_dir": "models/distilbert_agnews_full",
  "data_dir": "data/tokenized/distilbert_agnews_maxlen128",
  "baseline_storage_mb_before_quantization": 255.42286682128906,
  "actual_storage_mb_after_quantization": 132.38772583007812,
  "effective_packed_storage_mb_after_quantization": 132.38772583007812,
  "estimated_effective_storage_compression_ratio": 1.9293545925029985,
  "num_replaced_linear_layers": 38
}