{
  "model": "GPT2",
  "dataset": "AG News",
  "method": "ZeroQuant",
  "method_description": "ZeroQuant-style INT8 weight quantization plus INT8 activation fake quantization for GPT2 Conv1D and Linear layers.",
  "weight_bits": 8,
  "activation_bits": 8,
  "device": "cuda",
  "batch_size": 16,
  "warmup_batches": 10,
  "eval_samples": 7600,
  "eval_loss": 0.1886975625779872,
  "accuracy": 0.9372368421052631,
  "precision_weighted": 0.9370949680793479,
  "recall_weighted": 0.9372368421052631,
  "f1_weighted": 0.9371524454449831,
  "total_inference_time_sec": 44.70895495102741,
  "latency_ms_per_sample": 5.882757230398344,
  "throughput_samples_per_sec": 169.98831684446145,
  "mean_batch_latency_ms": 93.70085742153032,
  "median_batch_latency_ms": 93.70563901029527,
  "min_batch_latency_ms": 92.67411008477211,
  "max_batch_latency_ms": 94.29789998102933,
  "peak_torch_memory_allocated_gb": 0.35962343215942383,
  "peak_torch_memory_reserved_gb": 0.439453125,
  "gpu_name": "NVIDIA GeForce RTX 3060",
  "nvml_available": true,
  "nvml_error": null,
  "energy_joules": 7548.188712899216,
  "avg_power_watts": 168.87921836506158,
  "min_power_watts": 146.206,
  "max_power_watts": 169.824,
  "peak_nvml_memory_used_gb": 0.9686279296875,
  "num_power_samples": 893,
  "energy_joules_per_sample": 0.9931827253814758,
  "model_dir": "models/gpt2_agnews_full",
  "data_dir": "data/tokenized/gpt2_agnews_maxlen128",
  "baseline_storage_mb_before_quantization": 474.7119140625,
  "compressed_storage_mb_after_quantization": 232.01954650878906,
  "estimated_storage_compression_ratio": 2.04599966341421,
  "num_replaced_layers": 49,
  "num_replaced_gpt2_conv1d_layers": 48,
  "num_replaced_linear_layers": 1
}