{
  "model": "GPT2",
  "dataset": "AG News",
  "method": "Baseline_Internal_Not_For_Final_Table",
  "model_dir": "models/gpt2_agnews_full",
  "data_dir": "data/tokenized/gpt2_agnews_maxlen128",
  "device": "cuda",
  "batch_size": 16,
  "warmup_batches": 10,
  "eval_samples": 7600,
  "eval_loss": 0.18872686964655785,
  "accuracy": 0.9371052631578948,
  "precision_weighted": 0.9369741413481009,
  "recall_weighted": 0.9371052631578948,
  "f1_weighted": 0.9370269109149958,
  "total_inference_time_sec": 32.75721262500156,
  "latency_ms_per_sample": 4.310159555921258,
  "throughput_samples_per_sec": 232.00997249074206,
  "mean_batch_latency_ms": 68.54086401455693,
  "median_batch_latency_ms": 68.57276405207813,
  "min_batch_latency_ms": 67.40328308660537,
  "max_batch_latency_ms": 70.08107600267977,
  "peak_torch_memory_allocated_gb": 0.5969324111938477,
  "peak_torch_memory_reserved_gb": 0.669921875,
  "gpu_name": "NVIDIA GeForce RTX 3060",
  "nvml_available": true,
  "nvml_error": null,
  "energy_joules": 5511.193614800937,
  "avg_power_watts": 168.36591743119266,
  "min_power_watts": 122.297,
  "max_power_watts": 169.865,
  "peak_nvml_memory_used_gb": 1.1990966796875,
  "num_power_samples": 654,
  "energy_joules_per_sample": 0.7251570545790706
}